momento,parto,regiao,uf,grupo,criticidade,records
durante,NORMAL,Sudeste,SP,5,0,702438
durante,CESARIANO,Sudeste,SP,5,0,380848
durante,NORMAL,Sudeste,RJ,5,0,320186
durante,NORMAL,Nordeste,BA,1,0,295277
antes,NORMAL,Sudeste,SP,5,0,243108
depois,NORMAL,Sudeste,SP,5,0,224048
durante,NORMAL,Nordeste,MA,1,0,216300
durante,NORMAL,Norte,PA,1,0,212661
durante,NORMAL,Sudeste,SP,4,0,180673
antes,CESARIANO,Sudeste,SP,5,0,126185
durante,NORMAL,Norte,AM,4,0,123318
depois,CESARIANO,Sudeste,SP,5,0,122837
durante,NORMAL,Nordeste,CE,1,0,121756
durante,CESARIANO,Norte,PA,1,0,120977
durante,NORMAL,Sul,RS,5,0,120349
antes,NORMAL,Nordeste,BA,1,0,119497
durante,NORMAL,Sudeste,MG,1,0,114226
durante,CESARIANO,Nordeste,BA,1,0,109797
durante,NORMAL,Sul,PR,5,0,107940
antes,NORMAL,Sudeste,RJ,5,0,106539
durante,CESARIANO,Sudeste,SP,4,0,102916
depois,NORMAL,Sudeste,RJ,5,0,99853
durante,NORMAL,Sul,PR,3,0,98915
durante,CESARIANO,Sudeste,SP,3,0,91668
durante,NORMAL,Nordeste,PE,1,0,91350
depois,NORMAL,Nordeste,BA,1,0,87922
durante,NORMAL,Nordeste,BA,1,1,87897
durante,CESARIANO,Sudeste,RJ,5,0,87239
durante,NORMAL,Sudeste,MG,3,0,86873
antes,NORMAL,Nordeste,MA,1,0,86765
durante,CESARIANO,Sul,PR,3,0,85023
durante,CESARIANO,Sul,RS,3,0,83202
durante,NORMAL,Norte,AM,1,0,82386
durante,NORMAL,Nordeste,BA,5,0,81858
durante,NORMAL,Sul,RS,3,0,80894
antes,NORMAL,Norte,PA,1,0,80769
durante,CESARIANO,Sudeste,MG,1,0,78301
durante,NORMAL,Sudeste,RJ,5,1,77631
durante,CESARIANO,Nordeste,CE,1,0,74398
durante,NORMAL,Sudeste,SP,3,0,71660
durante,CESARIANO,Sul,RS,5,0,70858
depois,NORMAL,Norte,PA,1,0,70451
durante,CESARIANO,Norte,AM,4,0,67741
durante,CESARIANO,Nordeste,CE,5,0,67511
durante,NORMAL,Sudeste,MG,0,0,65912
durante,NORMAL,Nordeste,PE,5,0,63637
durante,CESARIANO,Sudeste,MG,3,0,63116
antes,NORMAL,Sudeste,SP,4,0,61981
durante,NORMAL,Sudeste,SP,5,1,61753
durante,CESARIANO,Norte,PA,4,0,60331
depois,NORMAL,Sudeste,SP,4,0,59732
antes,NORMAL,Nordeste,CE,1,0,59386
durante,NORMAL,Nordeste,CE,5,0,58012
durante,CESARIANO,Sul,PR,5,0,57149
depois,NORMAL,Nordeste,MA,1,0,57124
durante,CESARIANO,Nordeste,MA,1,0,56682
durante,CESARIANO,Nordeste,PE,1,0,56162
durante,CESARIANO,Nordeste,BA,1,1,53417
durante,NORMAL,Nordeste,BA,3,0,52900
durante,NORMAL,Nordeste,PE,1,1,52807
durante,NORMAL,Nordeste,CE,1,1,51297
durante,NORMAL,Centro-Oeste,MT,2,0,50838
durante,NORMAL,Sudeste,MG,1,1,50578
durante,CESARIANO,Nordeste,CE,1,1,50306
durante,NORMAL,Centro-Oeste,MS,4,0,49421
antes,NORMAL,Sudeste,MG,1,0,48751
durante,CESARIANO,Sudeste,SP,5,1,48391
durante,CESARIANO,Sudeste,MG,0,0,47597
durante,NORMAL,Sudeste,MG,3,1,47381
depois,CESARIANO,Sudeste,RJ,5,0,46697
durante,CESARIANO,Nordeste,PE,1,1,46373
durante,CESARIANO,Centro-Oeste,MS,4,0,46171
durante,NORMAL,Sul,SC,5,0,45805
depois,CESARIANO,Norte,PA,1,0,45487
durante,NORMAL,Nordeste,PB,3,0,44561
durante,NORMAL,Nordeste,AL,1,0,44516
antes,NORMAL,Nordeste,PE,1,0,44428
durante,NORMAL,Norte,AP,2,0,44137
durante,NORMAL,Centro-Oeste,GO,3,0,43780
durante,NORMAL,Norte,PA,4,0,43528
durante,NORMAL,Nordeste,MA,1,1,42767
durante,NORMAL,Nordeste,PE,5,1,42358
durante,CESARIANO,Centro-Oeste,GO,3,0,42351
durante,NORMAL,Nordeste,MA,4,0,42324
antes,NORMAL,Sul,PR,3,0,41936
durante,CESARIANO,Sudeste,MG,5,0,41603
depois,NORMAL,Norte,AM,4,0,41263
antes,NORMAL,Sul,RS,5,0,41186
durante,NORMAL,Sudeste,ES,5,0,41139
antes,NORMAL,Norte,AM,4,0,40254
antes,NORMAL,Sul,PR,5,0,40152
durante,CESARIANO,Sul,SC,3,0,39707
durante,CESARIANO,Centro-Oeste,MT,2,0,39606
durante,NORMAL,Nordeste,AL,1,1,38331
antes,CESARIANO,Sudeste,SP,4,0,38276
durante,NORMAL,Nordeste,PI,1,0,38179
antes,CESARIANO,Norte,PA,1,0,37708
antes,CESARIANO,Nordeste,BA,1,0,37582
durante,NORMAL,Nordeste,BA,1,2,37376
durante,NORMAL,Sul,SC,3,0,37295
depois,CESARIANO,Nordeste,BA,1,0,36888
durante,NORMAL,Norte,PA,2,0,36755
antes,NORMAL,Sudeste,MG,3,0,36509
durante,CESARIANO,Nordeste,AL,1,1,36458
durante,NORMAL,Nordeste,PI,3,0,36418
durante,CESARIANO,Sudeste,MG,1,1,35434
durante,NORMAL,Sudeste,MG,5,0,35257
depois,NORMAL,Sul,RS,5,0,34964
durante,NORMAL,Sudeste,MG,2,0,34922
durante,NORMAL,Centro-Oeste,GO,2,2,34503
durante,NORMAL,Sudeste,SP,4,1,34315
depois,NORMAL,Nordeste,CE,1,0,33563
depois,NORMAL,Sudeste,MG,1,0,33516
antes,NORMAL,Nordeste,BA,5,0,33461
depois,CESARIANO,Sudeste,SP,4,0,32898
durante,NORMAL,Sul,PR,3,1,32809
depois,CESARIANO,Sul,RS,3,0,32586
durante,CESARIANO,Sudeste,ES,5,0,32287
antes,NORMAL,Sul,RS,3,0,32246
antes,NORMAL,Nordeste,BA,1,1,32212
depois,CESARIANO,Nordeste,MA,1,0,32116
durante,CESARIANO,Nordeste,PB,3,0,31610
durante,CESARIANO,Sul,PR,3,1,31595
depois,CESARIANO,Sudeste,SP,3,0,30785
durante,NORMAL,Nordeste,PB,1,1,30780
durante,NORMAL,Nordeste,SE,1,1,30719
durante,CESARIANO,Centro-Oeste,GO,5,0,30552
antes,CESARIANO,Sudeste,MG,1,0,29987
durante,CESARIANO,Norte,AM,1,0,29852
antes,CESARIANO,Sudeste,SP,3,0,29768
durante,NORMAL,Centro-Oeste,GO,5,0,29726
antes,NORMAL,Norte,AM,1,0,29593
durante,CESARIANO,Nordeste,BA,3,0,29487
depois,CESARIANO,Nordeste,CE,1,0,29482
durante,CESARIANO,Sudeste,SP,3,1,29444
depois,NORMAL,Norte,AM,1,0,29350
durante,CESARIANO,Nordeste,AL,3,0,29309
antes,NORMAL,Sudeste,SP,3,0,29097
durante,CESARIANO,Nordeste,BA,5,0,28969
depois,NORMAL,Sul,PR,3,0,28865
durante,NORMAL,Nordeste,RN,5,0,28623
depois,NORMAL,Sul,PR,5,0,28574
durante,NORMAL,Sul,SC,4,0,28023
durante,NORMAL,Nordeste,PE,1,2,27432
durante,NORMAL,Sul,PR,5,1,27355
durante,NORMAL,Sudeste,RJ,3,0,27353
durante,NORMAL,Centro-Oeste,MS,3,0,27302
durante,CESARIANO,Nordeste,PI,1,0,27158
durante,NORMAL,Nordeste,AL,3,0,27012
durante,CESARIANO,Nordeste,PB,1,1,26851
depois,NORMAL,Sudeste,RJ,5,1,26486
antes,NORMAL,Sudeste,MG,0,0,26244
durante,CESARIANO,Sudeste,MG,3,1,26197
antes,CESARIANO,Sudeste,RJ,5,0,26056
durante,NORMAL,Sudeste,SP,3,1,25902
depois,NORMAL,Nordeste,BA,1,1,25839
durante,CESARIANO,Nordeste,AL,1,0,25730
depois,NORMAL,Sudeste,MG,3,0,25572
depois,NORMAL,Nordeste,PE,1,0,25497
durante,NORMAL,Norte,RO,3,0,25420
depois,CESARIANO,Sul,PR,3,0,25314
durante,CESARIANO,Sul,SC,5,0,25302
durante,NORMAL,Nordeste,PI,1,1,25193
depois,CESARIANO,Sudeste,MG,1,0,25128
durante,CESARIANO,Nordeste,PE,5,0,24937
depois,NORMAL,Nordeste,PE,5,0,24898
durante,NORMAL,Sudeste,RJ,4,0,24779
depois,CESARIANO,Norte,AM,4,0,24728
antes,CESARIANO,Sul,PR,3,0,24701
durante,NORMAL,Norte,PA,1,1,24671
durante,CESARIANO,Sudeste,RJ,5,1,24388
depois,NORMAL,Nordeste,BA,5,0,24252
depois,NORMAL,Sul,RS,3,0,24252
durante,CESARIANO,Nordeste,RN,1,1,24132
durante,NORMAL,Centro-Oeste,MT,4,0,23936
durante,CESARIANO,Nordeste,PI,1,1,23814
antes,CESARIANO,Nordeste,CE,5,0,23752
durante,NORMAL,Sul,RS,3,1,23546
durante,CESARIANO,Norte,PA,1,1,23489
antes,CESARIANO,Norte,PA,4,0,23466
durante,CESARIANO,Nordeste,BA,1,2,23440
durante,NORMAL,Norte,AC,2,0,23342
durante,NORMAL,Sul,RS,5,1,23128
durante,CESARIANO,Sudeste,MG,2,0,23096
antes,CESARIANO,Sul,RS,3,0,23049
antes,CESARIANO,Sul,RS,5,0,22471
depois,CESARIANO,Sul,RS,5,0,22410
durante,CESARIANO,Nordeste,PI,3,0,22367
durante,NORMAL,Sudeste,MG,0,1,22298
durante,NORMAL,Sul,SC,3,1,22063
antes,CESARIANO,Nordeste,CE,1,0,21834
antes,CESARIANO,Sudeste,MG,3,0,21815
antes,CESARIANO,Nordeste,MA,1,0,21728
durante,NORMAL,Nordeste,RN,1,1,21513
antes,NORMAL,Nordeste,CE,5,0,21475
durante,NORMAL,Nordeste,SE,5,0,21471
depois,CESARIANO,Sudeste,MG,3,0,21177
durante,NORMAL,Sul,RS,4,0,21157
durante,CESARIANO,Norte,PA,2,0,21077
durante,CESARIANO,Sudeste,SP,4,1,21040
durante,NORMAL,Sul,SC,5,1,20859
durante,NORMAL,Norte,RR,2,0,20857
depois,NORMAL,Sudeste,SP,3,0,20782
durante,CESARIANO,Sul,RS,3,1,20767
durante,NORMAL,Sudeste,MG,2,1,20585
antes,NORMAL,Sudeste,SP,5,1,20341
antes,CESARIANO,Sul,PR,5,0,20198
depois,NORMAL,Sudeste,SP,5,1,20183
antes,CESARIANO,Nordeste,PE,1,0,20145
depois,NORMAL,Nordeste,PE,1,1,20140
durante,NORMAL,Centro-Oeste,GO,2,0,19837
durante,CESARIANO,Sul,SC,4,0,19520
durante,CESARIANO,Centro-Oeste,MS,3,0,19423
antes,NORMAL,Norte,PA,4,0,19394
antes,NORMAL,Centro-Oeste,MT,2,0,19383
durante,NORMAL,Nordeste,SE,1,2,19264
depois,CESARIANO,Nordeste,CE,1,1,19043
durante,CESARIANO,Nordeste,CE,1,2,19016
durante,NORMAL,Nordeste,PE,3,0,18959
antes,NORMAL,Nordeste,PE,5,0,18885
antes,NORMAL,Sudeste,RJ,5,1,18841
antes,CESARIANO,Norte,AM,4,0,18661
durante,NORMAL,Nordeste,MA,1,2,18658
durante,CESARIANO,Sudeste,ES,5,1,18533
depois,NORMAL,Sudeste,MG,0,0,18329
antes,NORMAL,Nordeste,AL,1,0,18324
antes,NORMAL,Centro-Oeste,GO,3,0,18075
durante,CESARIANO,Nordeste,PE,5,1,18043
depois,NORMAL,Nordeste,BA,3,0,17994
antes,NORMAL,Nordeste,BA,3,0,17963
durante,CESARIANO,Nordeste,RN,5,0,17761
depois,NORMAL,Centro-Oeste,MT,2,0,17693
depois,NORMAL,Sudeste,MG,1,1,17677
depois,NORMAL,Nordeste,CE,5,0,17662
antes,NORMAL,Nordeste,PB,3,0,17563
antes,NORMAL,Nordeste,CE,1,1,17463
durante,NORMAL,Nordeste,SE,1,0,17463
depois,CESARIANO,Nordeste,BA,1,1,17415
depois,CESARIANO,Nordeste,PE,1,0,17400
antes,NORMAL,Centro-Oeste,MS,4,0,17185
durante,CESARIANO,Sul,PR,5,1,17039
antes,NORMAL,Sudeste,MG,1,1,17023
durante,NORMAL,Nordeste,PB,3,1,16944
durante,NORMAL,Sudeste,ES,5,1,16944
antes,NORMAL,Nordeste,PE,5,1,16934
durante,CESARIANO,Norte,PA,1,2,16919
durante,CESARIANO,Sul,SC,3,1,16889
depois,CESARIANO,Centro-Oeste,GO,3,0,16764
durante,NORMAL,Norte,PA,1,2,16683
antes,NORMAL,Nordeste,PI,1,0,16645
antes,CESARIANO,Nordeste,BA,1,1,16644
durante,CESARIANO,Nordeste,RN,1,0,16631
depois,CESARIANO,Centro-Oeste,MT,2,0,16575
depois,CESARIANO,Sudeste,SP,5,1,16554
antes,NORMAL,Sudeste,MG,3,1,16443
durante,NORMAL,Sudeste,ES,0,0,16440
antes,CESARIANO,Sudeste,MG,0,0,16408
durante,CESARIANO,Centro-Oeste,GO,2,2,16394
depois,CESARIANO,Nordeste,CE,5,0,16046
durante,CESARIANO,Nordeste,PB,1,0,15983
antes,CESARIANO,Sudeste,MG,5,0,15963
antes,CESARIANO,Nordeste,PE,1,1,15913
antes,NORMAL,Sul,SC,5,0,15816
antes,NORMAL,Nordeste,MA,4,0,15764
antes,NORMAL,Sul,SC,3,0,15562
durante,CESARIANO,Sudeste,MG,0,1,15532
durante,NORMAL,Nordeste,BA,2,0,15506
depois,NORMAL,Sudeste,ES,5,0,15413
antes,NORMAL,Norte,PA,2,0,15380
antes,NORMAL,Norte,AP,2,0,15368
depois,CESARIANO,Sul,PR,5,0,15317
durante,NORMAL,Nordeste,MA,2,0,15283
depois,NORMAL,Sul,SC,5,0,15269
durante,NORMAL,Nordeste,RN,1,0,15197
antes,NORMAL,Sudeste,ES,5,0,15020
depois,NORMAL,Centro-Oeste,MS,4,0,14989
antes,NORMAL,Nordeste,PE,1,1,14882
antes,CESARIANO,Sudeste,SP,5,1,14737
depois,NORMAL,Nordeste,AL,1,0,14718
durante,NORMAL,Nordeste,BA,3,1,14713
antes,NORMAL,Sudeste,MG,2,0,14651
antes,CESARIANO,Centro-Oeste,MS,4,0,14648
depois,CESARIANO,Sudeste,MG,0,0,14627
depois,CESARIANO,Norte,PA,4,0,14575
depois,CESARIANO,Centro-Oeste,MS,4,0,14566
depois,NORMAL,Nordeste,MA,1,1,14527
antes,NORMAL,Nordeste,PI,3,0,14407
durante,CESARIANO,Norte,PA,4,1,14364
depois,NORMAL,Sudeste,MG,3,1,14362
durante,CESARIANO,Sudeste,ES,0,0,14333
depois,NORMAL,Nordeste,AL,1,1,14235
durante,CESARIANO,Nordeste,PE,1,2,14178
durante,CESARIANO,Nordeste,CE,2,0,14116
durante,CESARIANO,Sul,RS,4,0,14114
durante,NORMAL,Norte,AC,1,0,14032
depois,NORMAL,Sul,PR,3,1,14012
durante,CESARIANO,Sul,RS,5,1,13994
depois,CESARIANO,Nordeste,PE,1,1,13744
antes,CESARIANO,Nordeste,AL,3,0,13723
depois,NORMAL,Norte,AP,2,0,13630
depois,CESARIANO,Sul,PR,3,1,13586
durante,NORMAL,Sul,SC,4,1,13419
durante,CESARIANO,Norte,RO,2,0,13392
depois,CESARIANO,Nordeste,AL,1,1,13358
depois,NORMAL,Centro-Oeste,GO,3,0,13263
durante,CESARIANO,Nordeste,PI,1,2,13240
depois,NORMAL,Nordeste,CE,1,1,13230
depois,CESARIANO,Norte,AM,1,0,13223
durante,CESARIANO,Nordeste,MA,1,1,13221
depois,NORMAL,Nordeste,PB,3,0,13162
antes,NORMAL,Nordeste,RN,5,0,13135
antes,NORMAL,Nordeste,SE,1,1,13120
durante,CESARIANO,Norte,RO,3,0,13075
depois,CESARIANO,Sudeste,MG,1,1,13026
antes,NORMAL,Nordeste,BA,1,2,13004
depois,NORMAL,Sudeste,SP,4,1,12781
depois,NORMAL,Nordeste,MA,4,0,12757
durante,NORMAL,Centro-Oeste,MT,4,1,12745
antes,CESARIANO,Sul,SC,3,0,12722
durante,NORMAL,Nordeste,PI,1,2,12708
antes,NORMAL,Nordeste,AL,1,1,12690
depois,NORMAL,Sudeste,MG,2,0,12640
durante,NORMAL,Nordeste,PB,1,0,12626
antes,NORMAL,Nordeste,MA,1,1,12615
depois,CESARIANO,Sul,SC,3,0,12615
antes,NORMAL,Nordeste,PB,1,1,12535
durante,CESARIANO,Norte,AP,2,0,12514
depois,CESARIANO,Sudeste,MG,5,0,12455
depois,CESARIANO,Sudeste,RJ,5,1,12433
durante,NORMAL,Sul,PR,4,0,12426
depois,CESARIANO,Sudeste,SP,3,1,12406
durante,NORMAL,Nordeste,CE,1,2,12353
depois,NORMAL,Centro-Oeste,GO,2,2,12333
depois,NORMAL,Nordeste,PE,5,1,12252
durante,NORMAL,Nordeste,PB,1,2,12127
antes,CESARIANO,Nordeste,CE,1,1,11984
depois,NORMAL,Sudeste,MG,5,0,11936
depois,NORMAL,Nordeste,BA,1,2,11921
durante,NORMAL,Sudeste,SP,5,2,11892
durante,CESARIANO,Centro-Oeste,GO,2,0,11841
antes,CESARIANO,Nordeste,PB,3,0,11823
depois,NORMAL,Sul,SC,3,0,11797
durante,NORMAL,Sul,RS,3,2,11779
durante,CESARIANO,Nordeste,PB,1,2,11776
depois,CESARIANO,Sudeste,ES,5,0,11653
durante,NORMAL,Norte,TO,4,0,11578
antes,NORMAL,Sudeste,MG,5,0,11475
durante,CESARIANO,Nordeste,PB,3,1,11473
durante,NORMAL,Sudeste,SP,2,1,11382
depois,NORMAL,Norte,PA,2,0,11354
depois,CESARIANO,Sul,RS,3,1,11333
durante,NORMAL,Nordeste,RN,1,2,11325
antes,CESARIANO,Nordeste,AL,1,1,11259
depois,NORMAL,Nordeste,PI,3,0,11163
durante,CESARIANO,Nordeste,MA,4,0,11149
durante,NORMAL,Nordeste,CE,3,0,11038
antes,NORMAL,Centro-Oeste,MS,3,0,10978
depois,NORMAL,Nordeste,AL,3,0,10972
depois,CESARIANO,Nordeste,PB,1,1,10946
durante,CESARIANO,Centro-Oeste,MT,4,0,10881
durante,CESARIANO,Nordeste,BA,2,0,10822
durante,CESARIANO,Sudeste,ES,3,0,10773
antes,CESARIANO,Sudeste,MG,1,1,10738
depois,NORMAL,Nordeste,PB,1,1,10716
antes,CESARIANO,Nordeste,BA,3,0,10710
depois,NORMAL,Norte,PA,4,0,10692
durante,CESARIANO,Nordeste,AL,1,2,10643
antes,CESARIANO,Centro-Oeste,GO,3,0,10609
antes,NORMAL,Centro-Oeste,GO,5,0,10608
antes,NORMAL,Sudeste,RJ,3,0,10587
antes,NORMAL,Sudeste,SP,4,1,10451
antes,CESARIANO,Centro-Oeste,MT,2,0,10424
durante,CESARIANO,Nordeste,RN,3,0,10377
durante,CESARIANO,Nordeste,CE,3,0,10332
durante,NORMAL,Nordeste,SE,5,1,10252
depois,NORMAL,Nordeste,PI,1,0,10201
antes,CESARIANO,Sudeste,ES,5,0,10155
depois,CESARIANO,Nordeste,MA,1,1,10109
durante,CESARIANO,Sul,SC,5,1,10090
durante,CESARIANO,Sul,RS,3,2,10078
antes,NORMAL,Nordeste,PI,1,1,10071
antes,NORMAL,Nordeste,PE,1,2,9991
depois,NORMAL,Sudeste,SP,3,1,9984
antes,CESARIANO,Centro-Oeste,GO,5,0,9971
antes,CESARIANO,Nordeste,PI,1,0,9865
durante,CESARIANO,Nordeste,SE,1,1,9838
depois,NORMAL,Centro-Oeste,GO,5,0,9822
durante,CESARIANO,Sudeste,MG,2,1,9800
depois,NORMAL,Nordeste,PE,1,2,9747
depois,CESARIANO,Nordeste,RN,1,1,9741
depois,NORMAL,Nordeste,RN,5,0,9722
depois,CESARIANO,Nordeste,BA,3,0,9705
antes,NORMAL,Norte,PA,1,1,9685
depois,NORMAL,Sul,RS,3,1,9666
depois,CESARIANO,Nordeste,PI,1,1,9532
antes,CESARIANO,Sudeste,MG,2,0,9516
depois,CESARIANO,Nordeste,PI,1,0,9389
antes,CESARIANO,Nordeste,BA,5,0,9353
antes,NORMAL,Norte,RO,3,0,9343
depois,CESARIANO,Norte,PA,2,0,9305
durante,NORMAL,Sudeste,MG,4,0,9278
antes,CESARIANO,Norte,AM,1,0,9268
durante,NORMAL,Sudeste,SP,2,0,9268
antes,CESARIANO,Sul,SC,5,0,9232
depois,CESARIANO,Sudeste,RJ,3,0,9218
antes,NORMAL,Sudeste,RJ,4,0,9181
antes,NORMAL,Nordeste,SE,5,0,9175
durante,NORMAL,Norte,TO,2,0,9140
depois,NORMAL,Sul,SC,4,0,9116
depois,CESARIANO,Nordeste,PB,3,0,9103
durante,CESARIANO,Sudeste,MG,4,0,9052
depois,NORMAL,Sul,PR,5,1,9029
durante,NORMAL,Centro-Oeste,MT,1,0,9002
depois,CESARIANO,Nordeste,BA,5,0,8999
antes,CESARIANO,Nordeste,AL,1,0,8988
durante,CESARIANO,Norte,TO,2,0,8978
durante,NORMAL,Nordeste,CE,2,0,8969
durante,NORMAL,Norte,RO,2,0,8911
antes,NORMAL,Nordeste,RN,1,0,8894
antes,CESARIANO,Nordeste,PE,5,1,8890
durante,NORMAL,Sudeste,MG,5,1,8876
depois,CESARIANO,Nordeste,AL,1,0,8851
durante,NORMAL,Norte,PA,4,1,8817
durante,NORMAL,Norte,TO,3,0,8817
depois,CESARIANO,Sudeste,MG,2,0,8806
antes,NORMAL,Sul,SC,4,0,8803
depois,NORMAL,Centro-Oeste,MS,3,0,8778
antes,CESARIANO,Nordeste,PE,5,0,8744
durante,NORMAL,Nordeste,MA,4,1,8741
antes,NORMAL,Centro-Oeste,GO,2,2,8724
depois,CESARIANO,Centro-Oeste,GO,5,0,8723
depois,CESARIANO,Sudeste,RJ,4,0,8664
depois,CESARIANO,Nordeste,AL,3,0,8645
depois,NORMAL,Centro-Oeste,MT,4,0,8574
depois,NORMAL,Sudeste,RJ,3,0,8573
depois,CESARIANO,Nordeste,PE,5,0,8551
durante,CESARIANO,Nordeste,BA,3,1,8543
durante,CESARIANO,Nordeste,AL,3,1,8510
antes,CESARIANO,Nordeste,PI,3,0,8508
antes,NORMAL,Sul,PR,3,1,8398
antes,CESARIANO,Nordeste,PB,1,1,8367
depois,NORMAL,Sul,SC,3,1,8326
durante,NORMAL,Centro-Oeste,MT,2,1,8300
durante,CESARIANO,Nordeste,MA,1,2,8293
antes,NORMAL,Centro-Oeste,MT,4,0,8285
antes,NORMAL,Norte,AC,2,0,8266
depois,NORMAL,Nordeste,SE,1,2,8250
antes,NORMAL,Sudeste,MG,2,1,8242
durante,NORMAL,Sudeste,ES,3,0,8228
durante,CESARIANO,Nordeste,RN,1,2,8190
depois,NORMAL,Nordeste,PI,1,1,8130
durante,CESARIANO,Sul,SC,4,1,8125
durante,CESARIANO,Sudeste,RJ,4,0,8111
antes,CESARIANO,Sudeste,MG,3,1,8077
antes,NORMAL,Sudeste,MG,0,1,8055
durante,CESARIANO,Sudeste,RJ,3,0,8028
durante,NORMAL,Sudeste,SP,4,2,7995
antes,NORMAL,Sul,PR,5,1,7979
depois,NORMAL,Norte,PA,1,1,7950
depois,CESARIANO,Nordeste,BA,1,2,7945
antes,NORMAL,Sul,RS,5,1,7928
depois,CESARIANO,Sudeste,MG,3,1,7921
depois,NORMAL,Nordeste,SE,1,1,7909
antes,CESARIANO,Nordeste,PI,1,1,7898
antes,NORMAL,Nordeste,AL,3,0,7866
depois,CESARIANO,Nordeste,MA,4,0,7814
depois,NORMAL,Nordeste,RN,1,1,7798
durante,NORMAL,Nordeste,BA,5,1,7729
antes,NORMAL,Centro-Oeste,GO,2,0,7706
depois,NORMAL,Sudeste,RJ,4,0,7703
durante,CESARIANO,Sul,PR,4,0,7677
durante,CESARIANO,Norte,TO,4,0,7649
antes,NORMAL,Sul,RS,4,0,7645
antes,CESARIANO,Norte,PA,1,1,7629
antes,NORMAL,Nordeste,PB,1,0,7609
antes,CESARIANO,Nordeste,PE,1,2,7600
durante,NORMAL,Nordeste,PI,3,1,7553
durante,CESARIANO,Norte,AC,2,0,7545
antes,CESARIANO,Nordeste,BA,1,2,7521
antes,NORMAL,Nordeste,SE,1,2,7470
durante,NORMAL,Nordeste,AL,1,2,7345
antes,NORMAL,Nordeste,RN,1,1,7334
antes,NORMAL,Sudeste,SP,3,1,7310
durante,CESARIANO,Sudeste,SP,2,0,7249
durante,CESARIANO,Nordeste,SE,5,0,7084
durante,CESARIANO,Centro-Oeste,MT,1,0,7076
antes,CESARIANO,Sudeste,SP,3,1,7066
durante,CESARIANO,Sudeste,MG,5,1,7062
durante,CESARIANO,Norte,TO,3,0,7030
antes,NORMAL,Sudeste,ES,5,1,7019
depois,NORMAL,Sudeste,MG,0,1,7017
durante,CESARIANO,Nordeste,SE,1,0,7016
durante,CESARIANO,Nordeste,SE,1,2,7003
durante,NORMAL,Nordeste,AL,3,1,7002
durante,NORMAL,Norte,AP,2,1,6991
antes,CESARIANO,Nordeste,RN,5,0,6943
durante,NORMAL,Sul,PR,2,0,6936
antes,NORMAL,Nordeste,PE,3,0,6931
depois,CESARIANO,Centro-Oeste,MS,3,0,6923
depois,NORMAL,Nordeste,MA,1,2,6890
antes,NORMAL,Sudeste,ES,0,0,6882
depois,NORMAL,Norte,RO,3,0,6852
depois,CESARIANO,Sul,SC,5,0,6833
durante,NORMAL,Centro-Oeste,GO,3,1,6828
depois,CESARIANO,Norte,PA,1,1,6758
depois,NORMAL,Sul,SC,5,1,6719
antes,CESARIANO,Sudeste,SP,4,1,6718
antes,NORMAL,Sul,RS,3,1,6717
antes,CESARIANO,Sudeste,RJ,5,1,6707
depois,CESARIANO,Nordeste,RN,5,0,6692
durante,CESARIANO,Norte,AC,1,0,6659
durante,NORMAL,Centro-Oeste,GO,3,2,6639
depois,NORMAL,Nordeste,SE,5,0,6631
antes,CESARIANO,Sudeste,ES,5,1,6587
antes,NORMAL,Nordeste,PB,3,1,6563
durante,CESARIANO,Centro-Oeste,MT,2,1,6476
antes,CESARIANO,Nordeste,RN,1,0,6362
antes,NORMAL,Sul,SC,5,1,6341
depois,CESARIANO,Sudeste,SP,4,1,6336
antes,CESARIANO,Centro-Oeste,MS,3,0,6320
antes,CESARIANO,Sul,SC,4,0,6301
antes,NORMAL,Nordeste,MA,2,0,6279
depois,CESARIANO,Nordeste,PI,3,0,6271
depois,CESARIANO,Centro-Oeste,GO,2,2,6265
depois,CESARIANO,Nordeste,PB,1,0,6260
antes,NORMAL,Norte,RR,2,0,6209
antes,CESARIANO,Nordeste,RN,1,1,6191
depois,NORMAL,Centro-Oeste,GO,2,0,6181
depois,CESARIANO,Norte,AP,2,0,6180
depois,CESARIANO,Sul,PR,5,1,6175
durante,NORMAL,Norte,RR,2,1,6174
durante,CESARIANO,Sudeste,SP,5,2,6160
depois,NORMAL,Norte,RR,2,0,6155
depois,CESARIANO,Centro-Oeste,GO,2,0,6146
antes,NORMAL,Nordeste,MA,1,2,6142
durante,CESARIANO,Centro-Oeste,GO,3,2,6134
depois,NORMAL,Sul,RS,5,1,6105
depois,NORMAL,Sul,RS,4,0,6099
antes,CESARIANO,Nordeste,PB,1,0,6092
durante,NORMAL,Norte,TO,2,2,6022
depois,CESARIANO,Norte,PA,1,2,6013
antes,NORMAL,Nordeste,BA,3,1,5983
antes,CESARIANO,Sul,PR,3,1,5916
durante,NORMAL,Norte,TO,1,1,5868
antes,NORMAL,Nordeste,SE,1,0,5854
antes,NORMAL,Sul,SC,3,1,5758
depois,CESARIANO,Sul,SC,3,1,5751
depois,NORMAL,Norte,PA,1,2,5689
depois,CESARIANO,Sul,SC,4,0,5675
durante,NORMAL,Norte,TO,2,1,5621
antes,CESARIANO,Nordeste,AL,1,2,5610
depois,CESARIANO,Sudeste,MG,0,1,5562
antes,NORMAL,Nordeste,BA,2,0,5552
durante,CESARIANO,Centro-Oeste,MT,4,1,5449
depois,NORMAL,Sul,SC,4,1,5444
depois,NORMAL,Sudeste,MG,2,1,5435
depois,NORMAL,Nordeste,MA,2,0,5427
antes,NORMAL,Norte,AC,1,0,5425
antes,NORMAL,Nordeste,RN,1,2,5391
antes,CESARIANO,Norte,PA,2,0,5379
durante,NORMAL,Sudeste,ES,0,1,5355
depois,CESARIANO,Nordeste,MA,1,2,5315
antes,NORMAL,Nordeste,PB,1,2,5312
durante,NORMAL,Sudeste,RJ,3,1,5289
durante,NORMAL,Norte,RO,1,0,5271
depois,NORMAL,Nordeste,PE,3,0,5230
depois,CESARIANO,Sul,RS,4,0,5182
depois,CESARIANO,Nordeste,CE,1,2,5132
depois,CESARIANO,Nordeste,PE,1,2,5096
antes,CESARIANO,Sudeste,ES,0,0,5068
durante,CESARIANO,Centro-Oeste,MS,2,0,5037
durante,CESARIANO,Centro-Oeste,GO,3,1,5027
antes,CESARIANO,Sul,RS,5,1,5012
durante,NORMAL,Nordeste,MA,2,1,4992
depois,CESARIANO,Nordeste,PI,1,2,4949
antes,NORMAL,Sul,RS,3,2,4922
durante,CESARIANO,Nordeste,PI,3,1,4905
durante,CESARIANO,Nordeste,CE,2,1,4887
durante,CESARIANO,Norte,TO,2,1,4874
durante,NORMAL,Nordeste,RN,3,0,4869
antes,NORMAL,Nordeste,CE,2,0,4852
durante,CESARIANO,Sudeste,ES,3,1,4850
depois,NORMAL,Nordeste,BA,2,0,4845
antes,NORMAL,Nordeste,CE,3,0,4816
durante,NORMAL,Nordeste,BA,2,1,4810
depois,NORMAL,Sudeste,ES,5,1,4794
antes,CESARIANO,Centro-Oeste,MT,4,0,4783
durante,NORMAL,Sudeste,MG,3,2,4774
durante,CESARIANO,Norte,TO,2,2,4767
depois,CESARIANO,Norte,RO,2,0,4766
depois,CESARIANO,Nordeste,RN,1,0,4721
depois,NORMAL,Nordeste,PB,1,0,4717
durante,CESARIANO,Norte,RO,1,0,4715
antes,CESARIANO,Nordeste,CE,2,0,4667
antes,NORMAL,Sul,PR,4,0,4660
durante,CESARIANO,Nordeste,RN,3,1,4656
depois,CESARIANO,Nordeste,CE,2,0,4649
antes,CESARIANO,Nordeste,PB,1,2,4642
depois,NORMAL,Nordeste,PB,3,1,4626
depois,NORMAL,Sudeste,ES,0,0,4614
durante,NORMAL,Sul,PR,2,1,4543
antes,NORMAL,Norte,TO,2,0,4541
depois,NORMAL,Nordeste,SE,1,0,4525
depois,CESARIANO,Sudeste,ES,0,0,4519
antes,CESARIANO,Nordeste,PB,3,1,4423
antes,NORMAL,Norte,TO,4,0,4416
depois,CESARIANO,Sudeste,ES,5,1,4413
antes,CESARIANO,Sudeste,MG,0,1,4406
durante,NORMAL,Sul,SC,0,0,4402
antes,NORMAL,Nordeste,PI,1,2,4373
antes,CESARIANO,Sul,RS,4,0,4322
depois,CESARIANO,Norte,PA,4,1,4310
depois,NORMAL,Sudeste,SP,5,2,4299
durante,CESARIANO,Centro-Oeste,GO,5,1,4295
antes,NORMAL,Sudeste,SP,2,1,4284
antes,NORMAL,Nordeste,AL,1,2,4257
durante,NORMAL,Nordeste,RN,5,1,4195
antes,CESARIANO,Sul,SC,3,1,4177
depois,NORMAL,Sudeste,SP,2,1,4176
antes,CESARIANO,Norte,PA,4,1,4173
antes,NORMAL,Sudeste,MG,4,0,4173
antes,CESARIANO,Norte,PA,1,2,4169
antes,NORMAL,Norte,PA,1,2,4163
antes,CESARIANO,Sudeste,MG,2,1,4155
durante,NORMAL,Sudeste,ES,3,1,4150
durante,CESARIANO,Sul,PR,2,0,4141
depois,NORMAL,Nordeste,RN,1,2,4140
antes,CESARIANO,Nordeste,PI,1,2,4125
durante,CESARIANO,Nordeste,CE,5,1,4119
depois,CESARIANO,Nordeste,PE,5,1,4084
durante,NORMAL,Sul,RS,4,1,4074
durante,CESARIANO,Nordeste,BA,2,1,4067
depois,NORMAL,Centro-Oeste,MT,4,1,4045
antes,CESARIANO,Sul,RS,3,1,4019
antes,NORMAL,Centro-Oeste,MT,1,0,4016
antes,CESARIANO,Sul,PR,5,1,3994
depois,CESARIANO,Nordeste,BA,2,0,3991
depois,CESARIANO,Norte,RO,3,0,3986
depois,NORMAL,Sul,PR,4,0,3984
antes,CESARIANO,Norte,AP,2,0,3980
antes,NORMAL,Sudeste,SP,2,0,3979
durante,NORMAL,Centro-Oeste,MS,2,0,3939
durante,CESARIANO,Sudeste,MG,3,2,3895
depois,NORMAL,Norte,AC,1,0,3890
antes,NORMAL,Sul,PR,2,0,3851
antes,CESARIANO,Nordeste,BA,3,1,3837
antes,NORMAL,Centro-Oeste,MT,4,1,3832
durante,CESARIANO,Sudeste,ES,0,1,3806
depois,NORMAL,Nordeste,RN,1,0,3794
antes,CESARIANO,Nordeste,RN,1,2,3790
durante,NORMAL,Norte,TO,1,0,3783
depois,NORMAL,Nordeste,PI,1,2,3781
antes,CESARIANO,Sul,RS,3,2,3780
depois,CESARIANO,Sudeste,ES,3,0,3712
depois,CESARIANO,Sul,RS,5,1,3712
durante,CESARIANO,Sudeste,SP,2,1,3678
durante,NORMAL,Norte,AC,1,1,3677
antes,NORMAL,Sudeste,SP,5,2,3649
antes,CESARIANO,Nordeste,CE,1,2,3641
antes,CESARIANO,Nordeste,SE,1,1,3639
antes,CESARIANO,Nordeste,MA,1,1,3636
antes,NORMAL,Norte,TO,3,0,3629
durante,NORMAL,Nordeste,CE,2,1,3602
antes,NORMAL,Nordeste,SE,5,1,3579
depois,CESARIANO,Nordeste,PB,1,2,3542
antes,NORMAL,Norte,RO,2,0,3541
durante,NORMAL,Norte,TO,3,1,3541
durante,CESARIANO,Norte,RO,2,1,3524
durante,NORMAL,Sudeste,MG,4,1,3484
antes,CESARIANO,Nordeste,MA,4,0,3482
depois,NORMAL,Sul,RS,3,2,3477
antes,CESARIANO,Centro-Oeste,GO,2,2,3446
depois,NORMAL,Norte,AC,2,0,3435
depois,CESARIANO,Centro-Oeste,MT,1,0,3433
antes,CESARIANO,Norte,RO,2,0,3426
antes,CESARIANO,Sul,SC,5,1,3418
durante,CESARIANO,Sudeste,SP,4,2,3401
depois,CESARIANO,Nordeste,RN,1,2,3372
antes,CESARIANO,Nordeste,CE,3,0,3370
depois,NORMAL,Nordeste,MA,4,1,3364
durante,NORMAL,Centro-Oeste,GO,5,1,3358
durante,NORMAL,Nordeste,PE,3,2,3355
durante,CESARIANO,Sul,PR,1,0,3345
durante,NORMAL,Nordeste,PI,3,2,3345
durante,CESARIANO,Centro-Oeste,GO,4,0,3331
depois,NORMAL,Norte,RO,2,0,3319
depois,CESARIANO,Nordeste,SE,1,1,3296
durante,NORMAL,Norte,TO,1,2,3286
antes,CESARIANO,Sudeste,ES,3,0,3280
durante,CESARIANO,Sul,RS,4,1,3269
depois,NORMAL,Sudeste,SP,2,0,3264
durante,CESARIANO,Sul,PR,3,2,3256
durante,CESARIANO,Sudeste,MG,4,1,3247
antes,CESARIANO,Nordeste,AL,3,1,3245
antes,NORMAL,Sul,SC,4,1,3234
depois,CESARIANO,Centro-Oeste,MT,4,0,3224
depois,NORMAL,Sudeste,MG,5,1,3196
antes,CESARIANO,Norte,AC,2,0,3192
depois,NORMAL,Nordeste,PB,1,2,3183
antes,NORMAL,Sudeste,ES,3,0,3171
depois,NORMAL,Nordeste,CE,1,2,3153
depois,NORMAL,Norte,TO,4,0,3153
depois,CESARIANO,Nordeste,CE,3,0,3149
depois,CESARIANO,Nordeste,SE,1,2,3121
depois,CESARIANO,Norte,RO,1,0,3093
antes,CESARIANO,Sudeste,MG,4,0,3090
durante,CESARIANO,Centro-Oeste,MS,4,1,3085
depois,NORMAL,Nordeste,SE,5,1,3080
depois,CESARIANO,Nordeste,PB,3,1,3078
depois,NORMAL,Centro-Oeste,MT,2,1,3062
antes,CESARIANO,Norte,TO,2,0,3057
depois,NORMAL,Sudeste,SP,4,2,3056
depois,CESARIANO,Sul,RS,3,2,3036
antes,CESARIANO,Nordeste,MA,1,2,3034
durante,CESARIANO,Nordeste,SE,5,1,3017
depois,CESARIANO,Sudeste,MG,4,0,3013
depois,CESARIANO,Sul,SC,4,1,3011
depois,NORMAL,Nordeste,CE,3,0,3007
depois,CESARIANO,Norte,AC,2,0,2988
depois,CESARIANO,Centro-Oeste,MT,2,1,2983
durante,NORMAL,Sudeste,MG,1,2,2971
antes,CESARIANO,Norte,RO,3,0,2959
antes,CESARIANO,Centro-Oeste,GO,2,0,2931
depois,CESARIANO,Nordeste,RN,3,0,2923
antes,NORMAL,Norte,TO,1,1,2920
durante,NORMAL,Centro-Oeste,MS,4,1,2909
depois,NORMAL,Nordeste,BA,3,1,2904
durante,CESARIANO,Nordeste,PI,3,2,2895
antes,CESARIANO,Sudeste,RJ,4,0,2890
depois,CESARIANO,Nordeste,CE,5,1,2883
durante,CESARIANO,Nordeste,BA,5,1,2871
depois,CESARIANO,Sudeste,MG,2,1,2849
durante,NORMAL,Centro-Oeste,GO,1,0,2848
durante,CESARIANO,Norte,TO,1,1,2847
depois,NORMAL,Sudeste,ES,3,0,2836
antes,NORMAL,Nordeste,CE,1,2,2827
antes,NORMAL,Sudeste,MG,5,1,2806
durante,CESARIANO,Sul,SC,3,2,2806
depois,NORMAL,Nordeste,AL,3,1,2792
durante,NORMAL,Norte,AM,1,2,2789
antes,NORMAL,Norte,PA,4,1,2766
durante,NORMAL,Nordeste,RN,3,1,2764
antes,NORMAL,Nordeste,BA,5,1,2743
durante,CESARIANO,Nordeste,MA,4,1,2743
depois,NORMAL,Sudeste,MG,4,0,2725
depois,CESARIANO,Norte,TO,2,0,2717
durante,NORMAL,Sudeste,MG,0,2,2698
durante,NORMAL,Norte,PA,2,1,2681
durante,CESARIANO,Sudeste,MG,1,2,2678
antes,CESARIANO,Nordeste,RN,3,0,2665
depois,CESARIANO,Sudeste,SP,2,0,2663
antes,CESARIANO,Nordeste,SE,5,0,2653
durante,NORMAL,Sudeste,RJ,4,1,2648
depois,CESARIANO,Sul,SC,5,1,2645
durante,NORMAL,Norte,AC,2,1,2634
antes,CESARIANO,Sudeste,SP,2,0,2625
depois,CESARIANO,Sul,PR,4,0,2624
durante,NORMAL,Nordeste,BA,3,2,2621
durante,CESARIANO,Sul,PR,2,1,2617
antes,CESARIANO,Nordeste,BA,2,0,2616
durante,NORMAL,Centro-Oeste,MT,2,2,2604
depois,CESARIANO,Sudeste,MG,5,1,2586
durante,CESARIANO,Norte,AC,1,1,2585
antes,NORMAL,Norte,RO,1,0,2578
durante,NORMAL,Sul,PR,3,2,2578
depois,CESARIANO,Nordeste,SE,1,0,2574
antes,CESARIANO,Norte,TO,4,0,2546
durante,NORMAL,Centro-Oeste,GO,4,0,2545
antes,CESARIANO,Sudeste,RJ,3,0,2529
antes,NORMAL,Nordeste,PI,3,1,2520
antes,CESARIANO,Sul,PR,4,0,2514
depois,CESARIANO,Norte,AC,1,0,2513
depois,NORMAL,Centro-Oeste,MT,1,0,2472
durante,CESARIANO,Sudeste,RJ,3,1,2421
antes,NORMAL,Norte,TO,2,1,2415
depois,NORMAL,Norte,TO,3,0,2410
depois,NORMAL,Norte,AP,2,1,2408
depois,NORMAL,Centro-Oeste,GO,3,1,2392
depois,NORMAL,Centro-Oeste,GO,3,2,2386
depois,CESARIANO,Norte,TO,3,0,2377
depois,CESARIANO,Centro-Oeste,GO,3,1,2373
durante,CESARIANO,Norte,AP,2,1,2372
antes,CESARIANO,Centro-Oeste,MT,4,1,2344
antes,CESARIANO,Sul,SC,4,1,2334
antes,NORMAL,Nordeste,RN,3,0,2328
durante,NORMAL,Sul,SC,3,2,2328
depois,CESARIANO,Nordeste,AL,3,1,2326
antes,NORMAL,Centro-Oeste,GO,3,2,2325
antes,CESARIANO,Nordeste,SE,1,2,2302
durante,CESARIANO,Nordeste,RN,5,1,2300
depois,NORMAL,Norte,TO,2,2,2295
antes,NORMAL,Nordeste,MA,4,1,2284
durante,NORMAL,Norte,RO,2,1,2276
antes,NORMAL,Centro-Oeste,MT,2,1,2272
antes,NORMAL,Sudeste,SP,4,2,2224
depois,CESARIANO,Sudeste,ES,3,1,2224
antes,CESARIANO,Sudeste,MG,5,1,2210
durante,NORMAL,Sudeste,MG,2,2,2207
durante,NORMAL,Norte,AP,1,0,2202
antes,CESARIANO,Centro-Oeste,GO,3,2,2201
depois,CESARIANO,Nordeste,CE,2,1,2201
durante,CESARIANO,Nordeste,PE,3,2,2198
depois,CESARIANO,Nordeste,AL,1,2,2191
durante,CESARIANO,Centro-Oeste,MT,2,2,2181
antes,NORMAL,Norte,TO,1,0,2178
depois,NORMAL,Norte,RO,1,0,2172
depois,NORMAL,Norte,PA,4,1,2171
antes,NORMAL,Nordeste,MA,2,1,2160
depois,CESARIANO,Nordeste,SE,5,0,2148
depois,NORMAL,Norte,TO,2,0,2148
durante,NORMAL,Norte,RR,1,1,2138
durante,NORMAL,Sul,SC,0,1,2128
antes,NORMAL,Centro-Oeste,GO,3,1,2123
depois,CESARIANO,Nordeste,MA,4,1,2122
depois,CESARIANO,Centro-Oeste,GO,4,0,2108
antes,CESARIANO,Norte,TO,3,0,2105
durante,CESARIANO,Nordeste,PE,5,2,2104
durante,NORMAL,Nordeste,PE,5,2,2092
depois,NORMAL,Sudeste,RJ,4,1,2081
durante,NORMAL,Nordeste,CE,5,1,2066
antes,CESARIANO,Sudeste,SP,5,2,2056
depois,CESARIANO,Norte,TO,4,0,2035
depois,CESARIANO,Nordeste,BA,3,1,2011
durante,NORMAL,Nordeste,CE,3,1,2009
antes,NORMAL,Nordeste,AL,3,1,2004
antes,NORMAL,Nordeste,BA,2,1,1970
antes,CESARIANO,Centro-Oeste,MT,1,0,1965
depois,CESARIANO,Sudeste,SP,5,2,1950
depois,NORMAL,Nordeste,BA,5,1,1947
durante,CESARIANO,Nordeste,BA,3,2,1945
antes,CESARIANO,Norte,AC,1,0,1934
durante,CESARIANO,Norte,TO,3,1,1925
durante,CESARIANO,Sul,SC,0,0,1905
depois,NORMAL,Norte,RR,2,1,1899
durante,CESARIANO,Norte,RO,1,1,1895
durante,CESARIANO,Nordeste,CE,2,2,1887
depois,NORMAL,Sudeste,ES,0,1,1884
depois,CESARIANO,Norte,TO,2,2,1880
depois,CESARIANO,Centro-Oeste,MS,2,0,1862
depois,NORMAL,Centro-Oeste,GO,5,1,1851
durante,CESARIANO,Norte,TO,1,0,1851
antes,CESARIANO,Nordeste,SE,1,0,1850
durante,NORMAL,Centro-Oeste,GO,2,1,1850
durante,NORMAL,Sudeste,SP,3,2,1844
durante,NORMAL,Sul,PR,1,0,1841
depois,CESARIANO,Sudeste,RJ,4,1,1823
durante,CESARIANO,Nordeste,MA,2,0,1817
durante,CESARIANO,Norte,PA,2,1,1813
antes,NORMAL,Sudeste,ES,0,1,1808
durante,CESARIANO,Centro-Oeste,GO,5,2,1805
depois,CESARIANO,Sudeste,RJ,3,1,1804
antes,NORMAL,Norte,AP,2,1,1803
depois,NORMAL,Sul,PR,2,1,1799
depois,NORMAL,Sudeste,ES,3,1,1789
depois,NORMAL,Nordeste,MA,2,1,1783
antes,NORMAL,Centro-Oeste,MS,2,0,1777
antes,NORMAL,Norte,TO,2,2,1774
durante,NORMAL,Norte,AM,1,1,1774
depois,NORMAL,Sudeste,RJ,3,1,1770
depois,CESARIANO,Centro-Oeste,GO,3,2,1769
durante,NORMAL,Centro-Oeste,MS,3,1,1769
durante,CESARIANO,Norte,TO,1,2,1765
durante,CESARIANO,Centro-Oeste,MS,4,2,1764
depois,NORMAL,Nordeste,PE,3,2,1762
antes,CESARIANO,Nordeste,PE,5,2,1756
durante,CESARIANO,Sudeste,MG,0,2,1734
durante,NORMAL,Norte,RO,3,1,1730
durante,NORMAL,Centro-Oeste,MT,1,1,1706
durante,NORMAL,Norte,RO,1,1,1686
antes,NORMAL,Sudeste,RJ,3,1,1685
durante,NORMAL,Norte,TO,4,1,1674
durante,NORMAL,Norte,TO,3,2,1664
antes,NORMAL,Norte,RR,2,1,1651
depois,CESARIANO,Nordeste,RN,3,1,1645
depois,NORMAL,Nordeste,AL,1,2,1615
durante,CESARIANO,Nordeste,PE,3,0,1598
durante,NORMAL,Nordeste,PE,3,1,1592
antes,NORMAL,Sudeste,MG,3,2,1586
depois,CESARIANO,Norte,TO,2,1,1579
durante,NORMAL,Centro-Oeste,MS,4,2,1573
durante,NORMAL,Norte,TO,4,2,1570
depois,NORMAL,Nordeste,PI,3,1,1561
depois,NORMAL,Norte,TO,1,2,1551
antes,CESARIANO,Nordeste,PI,3,1,1544
antes,NORMAL,Sudeste,ES,3,1,1543
durante,CESARIANO,Norte,AM,1,2,1543
antes,NORMAL,Centro-Oeste,GO,1,0,1534
antes,NORMAL,Nordeste,RN,5,1,1524
durante,CESARIANO,Sul,PR,1,1,1523
durante,NORMAL,Sudeste,RJ,5,2,1522
antes,NORMAL,Nordeste,CE,2,1,1519
depois,NORMAL,Sudeste,MG,3,2,1516
depois,CESARIANO,Sudeste,SP,2,1,1514
depois,CESARIANO,Centro-Oeste,MT,4,1,1512
depois,NORMAL,Norte,TO,2,1,1499
depois,CESARIANO,Centro-Oeste,GO,5,1,1495
durante,CESARIANO,Nordeste,CE,5,2,1494
depois,NORMAL,Sul,PR,2,0,1492
antes,NORMAL,Norte,TO,3,1,1467
depois,NORMAL,Nordeste,BA,2,1,1462
durante,CESARIANO,Centro-Oeste,MT,1,1,1457
durante,CESARIANO,Sudeste,SP,3,2,1453
depois,CESARIANO,Nordeste,BA,2,1,1447
durante,NORMAL,Sul,PR,4,1,1436
antes,CESARIANO,Sudeste,ES,3,1,1423
antes,CESARIANO,Norte,TO,2,1,1398
antes,CESARIANO,Sudeste,SP,2,1,1398
depois,CESARIANO,Nordeste,PE,3,2,1396
antes,CESARIANO,Sul,PR,2,0,1387
antes,CESARIANO,Nordeste,BA,2,1,1383
antes,CESARIANO,Centro-Oeste,MS,2,0,1380
durante,CESARIANO,Centro-Oeste,MS,3,1,1379
antes,CESARIANO,Sudeste,ES,0,1,1363
durante,CESARIANO,Sul,PR,4,1,1360
durante,CESARIANO,Nordeste,CE,3,1,1358
depois,NORMAL,Norte,PA,2,1,1357
antes,NORMAL,Sul,SC,0,0,1353
antes,CESARIANO,Norte,TO,1,1,1344
antes,CESARIANO,Norte,RO,1,0,1340
antes,NORMAL,Sul,RS,4,1,1324
antes,CESARIANO,Centro-Oeste,MT,2,1,1313
antes,NORMAL,Nordeste,PI,3,2,1313
depois,CESARIANO,Centro-Oeste,MS,4,1,1309
depois,NORMAL,Nordeste,RN,5,1,1301
durante,CESARIANO,Sul,RS,5,2,1301
depois,NORMAL,Nordeste,CE,2,0,1295
durante,NORMAL,Centro-Oeste,GO,5,2,1292
durante,NORMAL,Nordeste,BA,5,2,1279
durante,NORMAL,Norte,AM,4,1,1278
depois,CESARIANO,Norte,RO,2,1,1277
depois,CESARIANO,Sudeste,MG,3,2,1277
depois,NORMAL,Norte,TO,1,1,1268
depois,CESARIANO,Sudeste,ES,0,1,1266
durante,CESARIANO,Sul,SC,5,2,1262
antes,CESARIANO,Nordeste,CE,2,1,1256
depois,NORMAL,Centro-Oeste,MS,4,1,1250
depois,CESARIANO,Nordeste,PI,3,1,1245
durante,NORMAL,Sul,RS,5,2,1244
durante,NORMAL,Sul,SC,4,2,1242
antes,NORMAL,Norte,PA,2,1,1241
depois,NORMAL,Nordeste,RN,3,0,1233
depois,CESARIANO,Sudeste,RJ,5,2,1231
durante,CESARIANO,Sudeste,MG,2,2,1231
depois,NORMAL,Norte,AC,1,1,1230
depois,NORMAL,Centro-Oeste,GO,4,0,1225
depois,NORMAL,Sul,RS,4,1,1220
depois,CESARIANO,Sudeste,SP,4,2,1216
depois,CESARIANO,Sul,PR,2,0,1205
depois,CESARIANO,Sul,SC,3,2,1181
durante,CESARIANO,Sul,SC,4,2,1178
antes,NORMAL,Norte,AC,1,1,1177
depois,NORMAL,Nordeste,CE,5,1,1175
depois,CESARIANO,Norte,AP,2,1,1170
durante,CESARIANO,Norte,RO,3,1,1154
depois,CESARIANO,Sul,PR,1,0,1150
depois,CESARIANO,Sul,PR,2,1,1143
depois,NORMAL,Centro-Oeste,MT,2,2,1142
depois,CESARIANO,Sudeste,MG,4,1,1141
antes,CESARIANO,Nordeste,PI,3,2,1135
depois,CESARIANO,Norte,RO,1,1,1134
durante,NORMAL,Sul,SC,0,2,1128
depois,NORMAL,Norte,AM,1,2,1124
depois,NORMAL,Sudeste,MG,1,2,1097
durante,CESARIANO,Norte,TO,4,1,1097
antes,CESARIANO,Sudeste,MG,3,2,1095
antes,CESARIANO,Nordeste,MA,2,0,1093
antes,NORMAL,Centro-Oeste,GO,4,0,1092
antes,CESARIANO,Norte,TO,2,2,1085
durante,CESARIANO,Centro-Oeste,GO,1,0,1082
antes,NORMAL,Sul,PR,3,2,1074
depois,CESARIANO,Sul,RS,4,1,1067
antes,NORMAL,Sul,PR,1,0,1058
durante,NORMAL,Sudeste,SP,2,2,1058
durante,CESARIANO,Centro-Oeste,GO,2,1,1056
depois,CESARIANO,Nordeste,SE,5,1,1047
antes,CESARIANO,Sul,RS,4,1,1042
durante,NORMAL,Sul,PR,5,2,1037
antes,CESARIANO,Centro-Oeste,GO,3,1,1034
durante,CESARIANO,Sudeste,MG,5,2,1031
antes,NORMAL,Sudeste,MG,0,2,1030
depois,CESARIANO,Nordeste,MA,2,0,1029
depois,CESARIANO,Norte,PA,2,1,1021
depois,NORMAL,Sul,SC,3,2,1021
antes,NORMAL,Sudeste,MG,1,2,1017
antes,NORMAL,Norte,AC,2,1,1015
depois,CESARIANO,Norte,AC,1,1,1015
depois,NORMAL,Centro-Oeste,MS,2,0,1005
antes,NORMAL,Centro-Oeste,GO,5,1,1001
durante,CESARIANO,Sudeste,RJ,4,1,1000
depois,CESARIANO,Nordeste,RN,5,1,998
durante,CESARIANO,Norte,TO,4,2,998
antes,CESARIANO,Centro-Oeste,GO,5,1,996
depois,NORMAL,Norte,TO,3,1,996
durante,CESARIANO,Centro-Oeste,MS,3,2,993
antes,NORMAL,Sul,PR,2,1,990
durante,NORMAL,Nordeste,CE,5,2,989
depois,NORMAL,Norte,AP,1,0,984
depois,CESARIANO,Centro-Oeste,MT,2,2,976
depois,NORMAL,Sudeste,MG,4,1,976
antes,NORMAL,Nordeste,RN,3,1,966
durante,NORMAL,Norte,AP,1,2,962
antes,CESARIANO,Nordeste,PE,3,0,961
depois,CESARIANO,Sudeste,MG,1,2,960
antes,NORMAL,Sudeste,MG,4,1,949
durante,CESARIANO,Norte,TO,3,2,946
durante,NORMAL,Centro-Oeste,GO,1,1,941
durante,NORMAL,Sul,SC,5,2,941
depois,NORMAL,Centro-Oeste,GO,1,0,940
antes,NORMAL,Nordeste,BA,3,2,939
depois,CESARIANO,Nordeste,CE,5,2,929
antes,CESARIANO,Nordeste,RN,3,1,925
antes,CESARIANO,Sudeste,SP,4,2,924
durante,NORMAL,Norte,RR,1,0,919
antes,NORMAL,Norte,RO,2,1,917
depois,CESARIANO,Norte,TO,1,2,917
durante,NORMAL,Sudeste,MG,5,2,916
durante,CESARIANO,Sudeste,ES,0,2,903
durante,NORMAL,Sudeste,RJ,3,2,901
depois,CESARIANO,Sul,PR,3,2,900
durante,CESARIANO,Norte,AM,1,1,891
durante,CESARIANO,Norte,AC,2,1,890
durante,CESARIANO,Sudeste,ES,3,2,889
depois,CESARIANO,Centro-Oeste,MT,1,1,888
depois,NORMAL,Norte,AM,1,1,882
depois,NORMAL,Sudeste,RJ,5,2,875
durante,CESARIANO,Sul,SC,0,1,872
antes,CESARIANO,Sudeste,MG,4,1,862
antes,NORMAL,Sul,SC,3,2,861
depois,NORMAL,Norte,TO,1,0,860
antes,CESARIANO,Nordeste,SE,5,1,857
depois,NORMAL,Sudeste,MG,0,2,853
antes,CESARIANO,Centro-Oeste,MS,4,1,849
depois,NORMAL,Nordeste,RN,3,1,848
durante,NORMAL,Sudeste,ES,0,2,848
antes,CESARIANO,Nordeste,BA,5,1,847
antes,CESARIANO,Sudeste,MG,1,2,844
durante,CESARIANO,Centro-Oeste,MS,2,1,842
antes,CESARIANO,Norte,TO,1,0,839
antes,NORMAL,Centro-Oeste,MS,4,1,834
depois,NORMAL,Norte,RO,2,1,834
depois,CESARIANO,Nordeste,BA,5,1,829
durante,NORMAL,Centro-Oeste,MS,2,1,826
antes,CESARIANO,Sul,SC,3,2,825
durante,NORMAL,Norte,PA,2,2,822
antes,CESARIANO,Norte,RO,2,1,817
antes,NORMAL,Sudeste,SP,3,2,812
durante,NORMAL,Nordeste,CE,2,2,799
durante,NORMAL,Sudeste,ES,3,2,795
depois,NORMAL,Sudeste,MG,2,2,792
depois,NORMAL,Nordeste,BA,3,2,789
antes,NORMAL,Norte,AP,1,0,780
antes,NORMAL,Sudeste,RJ,4,1,770
durante,CESARIANO,Nordeste,AL,3,2,768
durante,CESARIANO,Norte,AM,4,1,762
durante,CESARIANO,Norte,RR,2,0,761
antes,NORMAL,Nordeste,PE,3,2,759
depois,NORMAL,Sul,PR,3,2,748
depois,NORMAL,Nordeste,PI,3,2,747
antes,CESARIANO,Nordeste,RN,5,1,745
depois,CESARIANO,Centro-Oeste,GO,1,0,739
antes,NORMAL,Norte,AM,1,2,730
durante,NORMAL,Centro-Oeste,MS,3,2,730
durante,CESARIANO,Sudeste,RJ,5,2,727
antes,NORMAL,Sul,SC,0,1,719
depois,CESARIANO,Nordeste,PI,3,2,719
depois,CESARIANO,Nordeste,BA,3,2,714
durante,CESARIANO,Sudeste,ES,5,2,711
antes,NORMAL,Nordeste,PE,5,2,708
antes,CESARIANO,Nordeste,CE,5,1,707
depois,CESARIANO,Sul,PR,1,1,704
antes,NORMAL,Nordeste,CE,3,1,701
antes,NORMAL,Norte,RR,1,1,700
antes,CESARIANO,Centro-Oeste,GO,4,0,696
antes,CESARIANO,Sul,PR,3,2,689
depois,CESARIANO,Centro-Oeste,MS,3,1,686
durante,NORMAL,Nordeste,MA,2,2,686
antes,NORMAL,Sudeste,MG,2,2,685
antes,CESARIANO,Norte,AC,1,1,679
antes,CESARIANO,Sudeste,RJ,3,1,676
depois,NORMAL,Norte,RO,1,1,673
durante,CESARIANO,Sul,PR,5,2,672
antes,NORMAL,Norte,TO,1,2,671
durante,NORMAL,Nordeste,SE,5,2,671
durante,NORMAL,Sudeste,MG,4,2,669
durante,CESARIANO,Sudeste,MG,4,2,668
depois,NORMAL,Sul,SC,0,0,657
durante,NORMAL,Nordeste,AL,3,2,655
antes,NORMAL,Norte,RO,3,1,653
depois,NORMAL,Nordeste,PE,5,2,652
depois,NORMAL,Centro-Oeste,MS,3,1,650
depois,NORMAL,Norte,RR,1,0,649
antes,NORMAL,Norte,RO,1,1,646
depois,CESARIANO,Norte,TO,3,1,645
antes,CESARIANO,Sul,SC,0,0,642
antes,NORMAL,Sul,SC,4,2,637
durante,CESARIANO,Nordeste,PB,3,2,636
antes,CESARIANO,Norte,TO,3,1,624
durante,CESARIANO,Nordeste,BA,5,2,624
depois,NORMAL,Nordeste,CE,3,1,620
antes,NORMAL,Centro-Oeste,MT,2,2,619
antes,NORMAL,Nordeste,CE,5,1,619
depois,NORMAL,Centro-Oeste,MT,1,1,619
depois,NORMAL,Nordeste,PE,3,1,617
depois,CESARIANO,Sudeste,MG,0,2,615
depois,CESARIANO,Norte,RR,2,0,608
depois,CESARIANO,Centro-Oeste,GO,2,1,602
antes,NORMAL,Centro-Oeste,MT,1,1,599
depois,CESARIANO,Centro-Oeste,MS,4,2,598
depois,CESARIANO,Norte,TO,1,1,598
depois,NORMAL,Norte,RO,3,1,597
antes,CESARIANO,Nordeste,MA,4,1,587
antes,CESARIANO,Sul,PR,1,0,587
depois,CESARIANO,Sudeste,ES,3,2,575
depois,NORMAL,Norte,RR,1,1,574
depois,CESARIANO,Centro-Oeste,GO,5,2,570
antes,NORMAL,Centro-Oeste,GO,2,1,567
antes,CESARIANO,Norte,PA,2,1,558
durante,CESARIANO,Nordeste,RN,3,2,558
antes,NORMAL,Nordeste,PE,3,1,550
antes,CESARIANO,Sudeste,MG,0,2,545
antes,CESARIANO,Norte,AP,2,1,543
depois,NORMAL,Sudeste,SP,3,2,541
depois,CESARIANO,Nordeste,CE,3,1,535
durante,NORMAL,Nordeste,PB,3,2,534
antes,CESARIANO,Sudeste,SP,3,2,533
antes,NORMAL,Norte,TO,4,1,532
antes,NORMAL,Norte,TO,4,2,532
durante,CESARIANO,Norte,RO,1,2,526
depois,NORMAL,Centro-Oeste,MS,4,2,524
depois,NORMAL,Norte,TO,3,2,521
depois,NORMAL,Sudeste,ES,3,2,517
antes,NORMAL,Centro-Oeste,MS,3,1,516
depois,CESARIANO,Norte,AM,1,1,516
depois,NORMAL,Centro-Oeste,GO,2,1,508
depois,NORMAL,Sul,PR,5,2,507
antes,CESARIANO,Nordeste,BA,3,2,501
antes,NORMAL,Norte,TO,3,2,501
antes,CESARIANO,Sul,RS,5,2,499
depois,NORMAL,Sul,RS,5,2,499
depois,CESARIANO,Nordeste,MA,2,1,494
antes,NORMAL,Sul,PR,4,1,490
durante,NORMAL,Sudeste,ES,5,2,488
depois,CESARIANO,Norte,AM,1,2,485
depois,NORMAL,Centro-Oeste,GO,1,1,484
durante,CESARIANO,Sudeste,SP,2,2,484
depois,NORMAL,Nordeste,BA,5,2,480
depois,CESARIANO,Norte,RR,1,0,479
durante,NORMAL,Nordeste,BA,2,2,479
durante,NORMAL,Sudeste,RJ,4,2,479
depois,CESARIANO,Sul,PR,4,1,478
depois,NORMAL,Norte,AC,2,1,476
durante,CESARIANO,Norte,PA,2,2,475
antes,CESARIANO,Nordeste,PE,3,2,474
depois,NORMAL,Sul,PR,4,1,474
durante,CESARIANO,Nordeste,CE,3,2,473
depois,NORMAL,Sul,SC,5,2,470
antes,NORMAL,Sul,RS,5,2,462
depois,CESARIANO,Sul,RS,5,2,457
antes,CESARIANO,Centro-Oeste,MS,4,2,453
durante,CESARIANO,Norte,RO,2,2,453
depois,NORMAL,Norte,TO,4,2,449
antes,NORMAL,Nordeste,BA,5,2,446
antes,CESARIANO,Centro-Oeste,MT,2,2,444
antes,NORMAL,Sul,SC,0,2,443
durante,NORMAL,Nordeste,MA,4,2,442
durante,NORMAL,Sul,PR,2,2,440
antes,NORMAL,Centro-Oeste,MS,4,2,438
antes,CESARIANO,Centro-Oeste,GO,1,0,437
depois,NORMAL,Norte,TO,4,1,436
durante,CESARIANO,Centro-Oeste,GO,1,1,434
durante,CESARIANO,Sudeste,RJ,3,2,433
antes,CESARIANO,Sul,PR,4,1,431
durante,CESARIANO,Centro-Oeste,MT,1,2,427
depois,CESARIANO,Sudeste,RJ,3,2,426
antes,CESARIANO,Norte,RO,1,1,425
durante,NORMAL,Norte,AC,1,2,422
depois,CESARIANO,Sul,SC,5,2,419
depois,NORMAL,Sul,SC,0,1,417
depois,NORMAL,Sudeste,SP,2,2,414
durante,CESARIANO,Nordeste,BA,2,2,414
durante,CESARIANO,Sul,PR,2,2,413
antes,CESARIANO,Norte,TO,1,2,409
depois,CESARIANO,Norte,TO,1,0,408
durante,NORMAL,Norte,RO,2,2,408
antes,CESARIANO,Sul,PR,2,1,407
depois,CESARIANO,Norte,RO,3,1,399
antes,CESARIANO,Nordeste,CE,2,2,393
antes,NORMAL,Sudeste,RJ,5,2,392
durante,CESARIANO,Centro-Oeste,GO,4,1,389
depois,CESARIANO,Sudeste,SP,3,2,388
depois,NORMAL,Sudeste,RJ,3,2,387
depois,CESARIANO,Sudeste,MG,2,2,385
depois,CESARIANO,Norte,AC,2,1,384
depois,NORMAL,Centro-Oeste,GO,5,2,383
depois,NORMAL,Sul,SC,4,2,383
antes,NORMAL,Norte,RR,1,0,380
antes,CESARIANO,Nordeste,MA,2,1,379
depois,CESARIANO,Centro-Oeste,GO,1,1,379
durante,CESARIANO,Sul,SC,0,2,379
depois,CESARIANO,Nordeste,CE,2,2,377
depois,CESARIANO,Sul,PR,5,2,375
durante,NORMAL,Centro-Oeste,MT,1,2,374
antes,CESARIANO,Sul,SC,5,2,370
antes,NORMAL,Sudeste,SP,2,2,367
depois,CESARIANO,Norte,TO,3,2,366
depois,CESARIANO,Norte,TO,4,1,364
antes,CESARIANO,Sudeste,MG,2,2,361
antes,NORMAL,Centro-Oeste,MS,2,1,361
antes,NORMAL,Norte,AM,1,1,358
depois,NORMAL,Sudeste,MG,5,2,354
durante,CESARIANO,Norte,AP,1,0,354
depois,NORMAL,Sudeste,ES,0,2,353
antes,NORMAL,Centro-Oeste,GO,5,2,350
depois,CESARIANO,Sudeste,ES,0,2,349
antes,CESARIANO,Norte,AM,1,2,347
antes,NORMAL,Centro-Oeste,GO,1,1,346
antes,CESARIANO,Nordeste,CE,3,1,345
antes,CESARIANO,Norte,AC,2,1,344
depois,CESARIANO,Norte,TO,4,2,344
depois,NORMAL,Sul,SC,0,2,344
depois,CESARIANO,Centro-Oeste,MS,2,1,341
depois,CESARIANO,Centro-Oeste,MS,3,2,339
durante,NORMAL,Centro-Oeste,GO,1,2,339
depois,NORMAL,Centro-Oeste,MS,3,2,338
depois,NORMAL,Norte,PA,2,2,338
antes,NORMAL,Norte,AM,4,1,337
depois,CESARIANO,Nordeste,CE,3,2,337
depois,NORMAL,Nordeste,CE,2,1,335
depois,NORMAL,Nordeste,CE,5,2,333
depois,CESARIANO,Norte,AP,1,0,329
antes,NORMAL,Sul,SC,5,2,325
durante,CESARIANO,Nordeste,MA,2,1,324
durante,NORMAL,Centro-Oeste,GO,4,2,324
depois,NORMAL,Norte,AP,1,2,322
durante,CESARIANO,Centro-Oeste,GO,1,2,319
antes,CESARIANO,Sul,SC,0,1,315
antes,CESARIANO,Sul,SC,4,2,313
depois,CESARIANO,Sudeste,MG,5,2,312
antes,CESARIANO,Sudeste,MG,5,2,311
depois,CESARIANO,Sul,SC,4,2,308
durante,CESARIANO,Norte,PA,4,2,307
durante,CESARIANO,Norte,RO,3,2,306
antes,NORMAL,Nordeste,CE,2,2,303
depois,NORMAL,Sudeste,RJ,4,2,301
durante,NORMAL,Norte,RO,1,2,301
depois,CESARIANO,Sudeste,RJ,4,2,297
durante,CESARIANO,Nordeste,MA,2,2,292
depois,CESARIANO,Norte,PA,2,2,289
depois,NORMAL,Sul,PR,1,0,289
durante,CESARIANO,Norte,AP,1,2,289
durante,CESARIANO,Nordeste,SE,5,2,287
durante,NORMAL,Centro-Oeste,GO,4,1,283
antes,CESARIANO,Centro-Oeste,MT,1,1,282
antes,NORMAL,Sudeste,MG,5,2,281
depois,CESARIANO,Centro-Oeste,GO,4,1,281
antes,NORMAL,Sudeste,ES,5,2,280
depois,CESARIANO,Nordeste,PB,3,2,279
depois,NORMAL,Nordeste,MA,4,2,278
antes,CESARIANO,Norte,TO,4,2,275
durante,CESARIANO,Centro-Oeste,GO,4,2,274
durante,CESARIANO,Norte,RR,1,0,273
antes,CESARIANO,Sudeste,ES,5,2,271
durante,CESARIANO,Nordeste,RN,5,2,270
antes,NORMAL,Sudeste,RJ,3,2,266
antes,NORMAL,Sudeste,MG,4,2,261
depois,CESARIANO,Nordeste,BA,5,2,260
depois,CESARIANO,Norte,RR,1,1,260
antes,NORMAL,Nordeste,SE,5,2,259
antes,CESARIANO,Norte,TO,4,1,258
antes,CESARIANO,Norte,TO,3,2,254
depois,CESARIANO,Nordeste,PE,5,2,253
depois,NORMAL,Norte,AM,4,1,252
depois,NORMAL,Nordeste,CE,2,2,250
durante,NORMAL,Norte,RO,3,2,249
antes,CESARIANO,Norte,RR,2,0,246
durante,CESARIANO,Norte,AC,1,2,241
antes,CESARIANO,Nordeste,AL,3,2,239
depois,NORMAL,Centro-Oeste,MS,2,1,239
durante,NORMAL,Norte,AM,4,2,239
depois,CESARIANO,Nordeste,AL,3,2,232
antes,CESARIANO,Centro-Oeste,GO,2,1,231
antes,NORMAL,Sudeste,ES,0,2,231
antes,CESARIANO,Centro-Oeste,MS,3,1,230
durante,CESARIANO,Norte,RR,2,1,230
durante,CESARIANO,Sudeste,RJ,4,2,229
antes,CESARIANO,Centro-Oeste,GO,5,2,227
depois,CESARIANO,Nordeste,RN,3,2,227
depois,NORMAL,Nordeste,PB,3,2,227
depois,NORMAL,Nordeste,AL,3,2,226
antes,CESARIANO,Centro-Oeste,MS,2,1,225
antes,CESARIANO,Norte,RO,3,1,218
depois,NORMAL,Sudeste,MG,4,2,218
durante,NORMAL,Sul,RS,4,2,211
antes,CESARIANO,Sudeste,MG,4,2,209
antes,CESARIANO,Nordeste,RN,3,2,208
depois,NORMAL,Nordeste,MA,2,2,208
depois,NORMAL,Sudeste,ES,5,2,207
antes,CESARIANO,Sudeste,ES,0,2,205
durante,CESARIANO,Norte,RR,1,1,205
depois,CESARIANO,Sudeste,MG,4,2,201
depois,CESARIANO,Sul,SC,0,0,201
antes,CESARIANO,Centro-Oeste,MS,3,2,199
antes,NORMAL,Nordeste,BA,2,2,198
durante,NORMAL,Norte,PA,4,2,198
antes,NORMAL,Nordeste,CE,5,2,197
depois,NORMAL,Nordeste,SE,5,2,195
durante,CESARIANO,Sul,RS,4,2,195
antes,CESARIANO,Nordeste,BA,5,2,193
antes,NORMAL,Norte,AP,1,2,188
antes,NORMAL,Norte,RO,2,2,188
depois,NORMAL,Centro-Oeste,GO,4,2,188
depois,CESARIANO,Sudeste,ES,5,2,187
depois,NORMAL,Norte,AM,4,2,186
antes,CESARIANO,Sudeste,RJ,4,1,183
depois,CESARIANO,Nordeste,MA,4,2,183
antes,NORMAL,Norte,PA,2,2,182
durante,NORMAL,Nordeste,CE,3,2,181
antes,NORMAL,Nordeste,AL,3,2,180
depois,NORMAL,Centro-Oeste,MT,1,2,179
depois,CESARIANO,Norte,RR,2,1,177
depois,CESARIANO,Centro-Oeste,MT,1,2,172
durante,NORMAL,Sul,PR,1,1,171
antes,NORMAL,Centro-Oeste,MS,3,2,167
depois,CESARIANO,Nordeste,BA,2,2,167
depois,NORMAL,Nordeste,BA,2,2,167
antes,CESARIANO,Norte,AM,4,1,166
depois,CESARIANO,Nordeste,RN,5,2,166
durante,CESARIANO,Nordeste,MA,4,2,166
depois,CESARIANO,Norte,AP,1,2,163
antes,CESARIANO,Sudeste,RJ,5,2,160
depois,NORMAL,Centro-Oeste,GO,4,1,159
antes,CESARIANO,Norte,AM,1,1,158
depois,CESARIANO,Norte,RO,1,2,157
antes,NORMAL,Sul,PR,5,2,155
depois,CESARIANO,Sudeste,SP,2,2,155
antes,CESARIANO,Nordeste,PB,3,2,153
antes,CESARIANO,Nordeste,CE,5,2,148
antes,CESARIANO,Sudeste,SP,2,2,148
antes,NORMAL,Norte,AC,1,2,146
antes,NORMAL,Sul,PR,2,2,145
antes,CESARIANO,Nordeste,BA,2,2,141
durante,NORMAL,Nordeste,RN,3,2,141
antes,NORMAL,Nordeste,MA,2,2,140
depois,CESARIANO,Norte,RO,2,2,140
durante,NORMAL,Nordeste,RN,5,2,139
depois,CESARIANO,Nordeste,MA,2,2,137
antes,NORMAL,Nordeste,PB,3,2,136
antes,CESARIANO,Sul,SC,0,2,135
antes,CESARIANO,Norte,AP,1,0,130
depois,CESARIANO,Sul,SC,0,1,129
durante,CESARIANO,Nordeste,PE,3,1,126
depois,CESARIANO,Norte,AM,4,2,123
depois,NORMAL,Norte,RO,1,2,121
depois,NORMAL,Sul,PR,1,2,120
antes,NORMAL,Centro-Oeste,GO,4,1,119
depois,NORMAL,Sul,PR,2,2,119
depois,CESARIANO,Centro-Oeste,GO,4,2,118
depois,NORMAL,Centro-Oeste,GO,1,2,118
durante,NORMAL,Norte,AP,1,1,118
durante,CESARIANO,Centro-Oeste,MT,4,2,117
durante,NORMAL,Centro-Oeste,MT,4,2,117
antes,CESARIANO,Centro-Oeste,GO,4,2,115
antes,CESARIANO,Norte,PA,2,2,115
depois,CESARIANO,Norte,AM,4,1,115
depois,CESARIANO,Nordeste,PE,3,0,114
depois,NORMAL,Norte,PA,4,2,113
antes,NORMAL,Sul,PR,1,1,112
depois,CESARIANO,Centro-Oeste,GO,1,2,112
antes,CESARIANO,Centro-Oeste,GO,1,1,111
antes,CESARIANO,Sul,PR,5,2,110
depois,CESARIANO,Norte,RO,3,2,110
antes,NORMAL,Norte,RO,1,2,109
depois,NORMAL,Norte,RO,2,2,109
durante,NORMAL,Norte,AC,2,2,106
depois,NORMAL,Nordeste,CE,3,2,105
antes,CESARIANO,Centro-Oeste,GO,4,1,104
durante,CESARIANO,Norte,AM,4,2,104
antes,CESARIANO,Nordeste,MA,2,2,102
antes,CESARIANO,Nordeste,PE,3,1,101
antes,CESARIANO,Norte,AC,1,2,101
depois,CESARIANO,Sul,PR,1,2,100
antes,NORMAL,Sudeste,ES,3,2,98
antes,CESARIANO,Nordeste,RN,5,2,96
antes,CESARIANO,Sudeste,RJ,3,2,96
depois,CESARIANO,Nordeste,SE,5,2,93
durante,CESARIANO,Centro-Oeste,MS,2,2,92
depois,CESARIANO,Norte,PA,4,2,90
depois,NORMAL,Norte,RO,3,2,90
depois,NORMAL,Norte,AC,1,2,88
antes,CESARIANO,Centro-Oeste,GO,1,2,87
depois,NORMAL,Sul,RS,4,2,86
antes,CESARIANO,Norte,RO,2,2,85
antes,NORMAL,Centro-Oeste,MT,1,2,84
depois,CESARIANO,Sul,RS,4,2,84
antes,NORMAL,Centro-Oeste,GO,4,2,83
antes,NORMAL,Nordeste,RN,3,2,82
antes,CESARIANO,Nordeste,CE,3,2,81
depois,CESARIANO,Norte,AC,1,2,80
durante,CESARIANO,Sul,PR,1,2,80
antes,CESARIANO,Norte,RO,1,2,79
depois,NORMAL,Nordeste,RN,5,2,79
antes,CESARIANO,Nordeste,SE,5,2,78
antes,CESARIANO,Sudeste,ES,3,2,76
durante,CESARIANO,Norte,AC,2,2,74
antes,NORMAL,Centro-Oeste,GO,1,2,68
antes,NORMAL,Sudeste,RJ,4,2,67
depois,CESARIANO,Centro-Oeste,MT,4,2,67
depois,NORMAL,Sul,PR,1,1,67
antes,CESARIANO,Sul,PR,2,2,63
antes,NORMAL,Nordeste,MA,4,2,63
depois,NORMAL,Centro-Oeste,MT,4,2,61
antes,NORMAL,Norte,AM,4,2,60
antes,CESARIANO,Sul,PR,1,1,59
depois,CESARIANO,Sul,PR,2,2,58
antes,NORMAL,Norte,RO,3,2,57
depois,CESARIANO,Sul,SC,0,2,54
antes,CESARIANO,Norte,PA,4,2,53
antes,NORMAL,Sul,RS,4,2,52
durante,NORMAL,Sul,PR,1,2,51
durante,NORMAL,Centro-Oeste,MS,2,2,50
depois,CESARIANO,Norte,AC,2,2,49
antes,CESARIANO,Norte,RR,2,1,46
antes,NORMAL,Norte,AC,2,2,46
antes,NORMAL,Nordeste,CE,3,2,45
depois,NORMAL,Norte,AC,2,2,45
durante,CESARIANO,Norte,AP,1,1,45
antes,CESARIANO,Centro-Oeste,MT,1,2,44
antes,CESARIANO,Norte,AP,1,2,44
antes,NORMAL,Norte,PA,4,2,43
depois,NORMAL,Norte,AP,2,2,43
durante,NORMAL,Norte,AP,2,2,43
antes,NORMAL,Sul,PR,1,2,42
depois,NORMAL,Norte,RR,2,2,41
durante,NORMAL,Sul,PR,4,2,36
antes,NORMAL,Centro-Oeste,MT,4,2,35
antes,CESARIANO,Sul,RS,4,2,34
antes,CESARIANO,Norte,RO,3,2,33
antes,NORMAL,Norte,AP,1,1,33
depois,CESARIANO,Centro-Oeste,MS,2,2,33
antes,CESARIANO,Nordeste,MA,4,2,31
antes,CESARIANO,Norte,RR,1,1,31
depois,CESARIANO,Norte,RR,2,2,31
antes,CESARIANO,Norte,AM,4,2,30
depois,NORMAL,Sul,PR,4,2,30
depois,NORMAL,Centro-Oeste,MS,2,2,29
depois,NORMAL,Norte,AP,1,1,29
durante,NORMAL,Norte,RR,2,2,29
antes,NORMAL,Nordeste,RN,5,2,27
antes,CESARIANO,Sudeste,RJ,4,2,26
depois,NORMAL,Nordeste,RN,3,2,23
durante,NORMAL,Norte,RR,1,2,22
durante,CESARIANO,Norte,AP,2,2,21
durante,CESARIANO,Norte,RR,2,2,21
durante,CESARIANO,Sul,PR,4,2,21
depois,CESARIANO,Sul,PR,4,2,20
antes,CESARIANO,Sul,PR,1,2,19
depois,CESARIANO,Norte,AP,2,2,19
antes,NORMAL,Norte,AP,2,2,18
depois,CESARIANO,Nordeste,PE,3,1,18
depois,CESARIANO,Norte,AP,1,1,18
antes,CESARIANO,Norte,AC,2,2,17
antes,CESARIANO,Centro-Oeste,MT,4,2,14
antes,CESARIANO,Norte,AP,1,1,14
depois,NORMAL,Norte,RR,1,2,13
antes,CESARIANO,Sul,PR,4,2,10
depois,CESARIANO,Norte,RR,1,2,9
durante,CESARIANO,Norte,RR,1,2,9
antes,NORMAL,Sul,PR,4,2,8
antes,CESARIANO,Norte,RR,1,0,6
antes,NORMAL,Norte,RR,2,2,6
antes,CESARIANO,Norte,AP,2,2,5
antes,CESARIANO,Centro-Oeste,MS,2,2,4
antes,NORMAL,Centro-Oeste,MS,2,2,4
antes,CESARIANO,Norte,RR,2,2,3
